{"cameraMode":{"drawMode":0,"name":"Shaded","section":"Shading Mode"},"sceneLighting":true,"audioPlay":false,"sceneViewState":{"m_AlwaysRefresh":false,"showFog":true,"showSkybox":true,"showFlares":true,"showImageEffects":true,"showParticleSystems":true,"showVisualEffectGraphs":true,"m_FxEnabled":true},"in2DMode":false,"pivot":{"x":149.54962158203126,"y":417.1816101074219,"z":57.08106231689453},"rotation":{"x":0.47410908341407778,"y":-0.3921264708042145,"z":0.24874946475028993,"w":0.7482384443283081},"size":3.0380654335021974,"orthographic":false}